{
  "id": "gambits-premades",
  "title": "Gambit's Premades",
  "description": "A custom collection of spells, items, and feats for Foundry VTT.",
  "authors": [
    {
      "name": "Gambit",
      "url": "https://github.com/gambit07",
      "discord": "gambit",
      "ko-fi": "https://ko-fi.com/gambit07"
    }
  ],
  "version": "2.1.36",
  "compatibility": {
    "minimum": 13.346,
    "verified": 13.351,
    "maximum": 13
  },
  "socket": true,
  "esmodules": [
    "scripts/module.js"
  ],
  "packs": [
    {
      "label": "GPS Spells",
      "type": "Item",
      "name": "gps-spells",
      "path": "packs/gps-spells",
      "banner": "modules/gambits-premades/assets/images/gambit_banner.webp",
      "module": "gambits-premades"
    },
    {
      "label": "GPS Class Features",
      "type": "Item",
      "name": "gps-class-features",
      "path": "packs/gps-class-features",
      "banner": "modules/gambits-premades/assets/images/gambit_banner.webp",
      "module": "gambits-premades"
    },
    {
      "label": "GPS Items",
      "type": "Item",
      "name": "gps-items",
      "path": "packs/gps-items",
      "banner": "modules/gambits-premades/assets/images/gambit_banner.webp",
      "module": "gambits-premades"
    },
    {
      "label": "GPS Monster Features",
      "type": "Item",
      "name": "gps-monster-features",
      "path": "packs/gps-monster-features",
      "banner": "modules/gambits-premades/assets/images/gambit_banner.webp",
      "module": "gambits-premades"
    },
    {
      "label": "GPS Generic Features",
      "type": "Item",
      "name": "gps-generic-features",
      "path": "packs/gps-generic-features",
      "banner": "modules/gambits-premades/assets/images/gambit_banner.webp",
      "module": "gambits-premades"
    },
    {
      "label": "GPS Homebrew Features",
      "type": "Item",
      "name": "gps-homebrew-features",
      "path": "packs/gps-homebrew-features",
      "banner": "modules/gambits-premades/assets/images/gambit_banner.webp",
      "module": "gambits-premades"
    },
    {
      "label": "GPS Homebrew Items",
      "type": "Item",
      "name": "gps-homebrew-items",
      "path": "packs/gps-homebrew-items",
      "banner": "modules/gambits-premades/assets/images/gambit_banner.webp",
      "module": "gambits-premades"
    },
    {
      "label": "GPS Homebrew Spells",
      "type": "Item",
      "name": "gps-homebrew-spells",
      "path": "packs/gps-homebrew-spells",
      "banner": "modules/gambits-premades/assets/images/gambit_banner.webp",
      "module": "gambits-premades"
    },
    {
      "label": "GPS Actors",
      "type": "Actor",
      "name": "gps-actors",
      "path": "packs/gps-actors",
      "banner": "modules/gambits-premades/assets/images/gambit_banner.webp",
      "module": "gambits-premades"
    },
    {
      "label": "GPS 3rd Party Features",
      "type": "Item",
      "name": "gps-3rd-party-features",
      "path": "packs/gps-3rd-party-features",
      "banner": "modules/gambits-premades/assets/images/gambit_banner.webp",
      "module": "gambits-premades"
    },
    {
      "label": "GPS 3rd Party Items",
      "type": "Item",
      "name": "gps-3rd-party-items",
      "path": "packs/gps-3rd-party-items",
      "banner": "modules/gambits-premades/assets/images/gambit_banner.webp",
      "module": "gambits-premades"
    },
    {
      "label": "GPS 3rd Party Spells",
      "type": "Item",
      "name": "gps-3rd-party-spells",
      "path": "packs/gps-3rd-party-spells",
      "banner": "modules/gambits-premades/assets/images/gambit_banner.webp",
      "module": "gambits-premades"
    },
    {
      "label": "GPS Race Features",
      "type": "Item",
      "name": "gps-race-features",
      "path": "packs/gps-race-features",
      "banner": "modules/gambits-premades/assets/images/gambit_banner.webp",
      "module": "gambits-premades"
    },
    {
      "label": "GPS Spells 2024",
      "type": "Item",
      "name": "gps-spells-2024",
      "path": "packs/gps-spells-2024",
      "banner": "modules/gambits-premades/assets/images/gambit_banner.webp",
      "module": "gambits-premades"
    },
    {
      "label": "GPS Race Features 2024",
      "type": "Item",
      "name": "gps-race-features-2024",
      "path": "packs/gps-race-features-2024",
      "banner": "modules/gambits-premades/assets/images/gambit_banner.webp",
      "module": "gambits-premades"
    },
    {
      "label": "GPS Generic Features 2024",
      "type": "Item",
      "name": "gps-generic-features-2024",
      "path": "packs/gps-generic-features-2024",
      "banner": "modules/gambits-premades/assets/images/gambit_banner.webp",
      "module": "gambits-premades"
    },
    {
      "label": "GPS Items 2024",
      "type": "Item",
      "name": "gps-items-2024",
      "path": "packs/gps-items-2024",
      "banner": "modules/gambits-premades/assets/images/gambit_banner.webp",
      "module": "gambits-premades"
    },
    {
      "label": "GPS Class Features 2024",
      "type": "Item",
      "name": "gps-class-features-2024",
      "path": "packs/gps-class-features-2024",
      "banner": "modules/gambits-premades/assets/images/gambit_banner.webp",
      "module": "gambits-premades"
    }
  ],
  "packFolders": [
    {
      "name": "Gambit's Premades",
      "sorting": "m",
      "color": "#c78bbe",
      "folders": [
        {
          "name": "2014",
          "sorting": "m",
          "color": "#93678d",
          "packs": [
            "gps-spells",
            "gps-3rd-party-spells",
            "gps-homebrew-spells",
            "gps-items",
            "gps-3rd-party-items",
            "gps-homebrew-items",
            "gps-class-features",
            "gps-generic-features",
            "gps-race-features",
            "gps-monster-features",
            "gps-3rd-party-features",
            "gps-homebrew-features",
            "gps-actors"
          ]
        },
        {
          "name": "2024",
          "sorting": "m",
          "color": "#93678d",
          "packs": [
            "gps-spells-2024",
            "gps-race-features-2024",
            "gps-generic-features-2024",
            "gps-items-2024",
            "gps-class-features-2024"
          ]
        }
      ]
    }
  ],
  "styles": [
    "styles/styles.css"
  ],
  "relationships": {
    "systems": [
      {
        "id": "dnd5e",
        "type": "system",
        "compatibility": {
          "minimum": "5.1.0",
          "verified": "5.2.2",
          "maximum": "5.2.99"
        }
      }
    ],
    "requires": [
      {
        "id": "midi-qol",
        "type": "module",
        "compatibility": {
          "minimum": "13.0.9.1",
          "verified": "13.0.9.1"
        }
      },
      {
        "id": "auraeffects",
        "type": "module",
        "compatibility": {
          "minimum": "1.2.1",
          "verified": "1.2.1"
        }
      },
      {
        "id": "sequencer",
        "type": "module",
        "compatibility": {
          "minimum": "3.6.7",
          "verified": "3.6.7"
        }
      },
      {
        "id": "socketlib",
        "type": "module",
        "compatibility": {
          "minimum": "1.1.3",
          "verified": "1.1.3"
        }
      },
      {
        "id": "lib-wrapper",
        "type": "module",
        "compatibility": {
          "minimum": "1.13.3.0",
          "verified": "1.13.3.0"
        }
      },
      {
        "id": "dae",
        "type": "module",
        "compatibility": {
          "minimum": "13.0.6",
          "verified": "13.0.6"
        }
      },
      {
        "id": "region-attacher",
        "type": "module",
        "compatibility": {
          "minimum": "1.9.1",
          "verified": "1.9.1"
        }
      },
      {
        "id": "times-up",
        "type": "module",
        "compatibility": {
          "minimum": "13.1.0",
          "verified": "13.1.0"
        }
      }
    ],
    "optional": [
      {
        "id": "tidy5e-sheet",
        "type": "module",
        "compatibility": {
          "verified": "10.4.0"
        }
      },
      {
        "id": "jb2a_patreon",
        "type": "module",
        "compatibility": {
          "verified": "0.7.4"
        }
      },
      {
        "id": "animated-spell-effects-cartoon",
        "type": "module",
        "compatibility": {
          "verified": "0.4.5"
        }
      },
      {
        "id": "animated-spell-effects",
        "type": "module",
        "compatibility": {
          "verified": "0.6.8"
        }
      },
      {
        "id": "jaamod",
        "type": "module",
        "compatibility": {
          "verified": "0.91"
        }
      }
    ]
  },
  "url": "https://github.com/gambit07/gambits-premades",
  "manifest": "https://github.com/gambit07/gambits-premades/releases/latest/download/module.json",
  "download": "https://github.com/gambit07/gambits-premades/releases/download/2.1.36/module.zip"
}
